{
  "dim" : 384,
  "k" : 10,
  "queries" : 100,
  "results" : [
    {
      "dbBytes" : 158334976,
      "dim" : 384,
      "filterApp50ms" : 21.807791,
      "filterApp95ms" : 23.019875,
      "filterTs50ms" : 22.223291,
      "filterTs95ms" : 23.992417,
      "insertSec" : 1.055971,
      "n" : 100000,
      "p95ms" : 36.731041,
      "pl50ms" : 34.394334,
      "rowsPerSec" : 94699.57034804932
    },
    {
      "dbBytes" : 790323200,
      "dim" : 384,
      "filterApp50ms" : 110.075416,
      "filterApp95ms" : 114.582041,
      "filterTs50ms" : 112.179708,
      "filterTs95ms" : 117.864959,
      "insertSec" : 5.0241765,
      "n" : 500000,
      "p95ms" : 180.204333,
      "pl50ms" : 174.638041,
      "rowsPerSec" : 99518.79676201662
    },
    {
      "dbBytes" : 1579118592,
      "dim" : 384,
      "filterApp50ms" : 233.617833,
      "filterApp95ms" : 252.871208,
      "filterTs50ms" : 227.008958,
      "filterTs95ms" : 240.3135,
      "insertSec" : 10.426189583,
      "n" : 1000000,
      "p95ms" : 368.899583,
      "pl50ms" : 357.11125,
      "rowsPerSec" : 95912.31696290172
    }
  ]
}
